layer,node,op,cycles,unscheduled_cycles,ops_useful,ops_issued,padding_efficiency,dram_bytes,intensity_ops_per_byte,achieved_gops,attainable_gops,pct_of_attainable,bound,mxu_mac_utilization,dwu_mac_utilization
0,conv2d#1,conv2d,112285,196060,21676032,38535168,0.5625,706848,30.6658,193.0450,490.6520,39.3445,MEMORY,0.3770,0
1,depthwise_conv2d#4,depthwise_conv2d,88956,146156,8257536,9060352,0.9114,896576,9.2101,92.8272,147.3610,62.9929,MEMORY,0.0227,0.3173
2,conv2d#7,conv2d,72459,110591,13361152,13361152,1,664096,20.1193,184.3960,321.9090,57.2820,MEMORY,0.3462,0.0278
3,conv2d#9,conv2d,287200,344872,38535168,38535168,1,1795040,21.4676,134.1750,343.4810,39.0634,MEMORY,0.2621,0
4,depthwise_conv2d#12,depthwise_conv2d,168940,174414,6336512,6336512,1,1634848,3.8759,37.5075,62.0144,60.4818,MEMORY,0.0106,0.1253
5,conv2d#15,conv2d,123916,124088,15224832,20041728,0.7597,924000,16.4771,122.8640,263.6330,46.6042,MEMORY,0.2278,0.0244
6,conv2d#17,conv2d,123841,211825,21676032,28901376,0.7500,1117264,19.4010,175.0310,310.4160,56.3860,MEMORY,0.3419,0
7,depthwise_conv2d#20,depthwise_conv2d,111788,154341,9734144,10536960,0.9238,1135736,8.5708,87.0768,137.1320,63.4983,MEMORY,0.0281,0.2840
8,conv2d#23,conv2d,188450,177474,22256640,29481984,0.7549,1134704,19.6145,118.1040,313.8320,37.6328,MEMORY,0.2247,0.0120
9,conv2d#29,conv2d,127414,214994,21676032,28901376,0.7500,1124048,19.2839,170.1230,308.5420,55.1376,MEMORY,0.3323,0
10,depthwise_conv2d#32,depthwise_conv2d,78126,83398,3637760,4440576,0.8192,692176,5.2555,46.5627,84.0887,55.3734,MEMORY,0.0401,0.1016
11,conv2d#35,conv2d,46102,45144,7805952,7805952,1,312448,24.9832,169.3190,399.7310,42.3582,MEMORY,0.3061,0.0492
12,conv2d#37,conv2d,45722,58615,9633792,9633792,1,310228,31.0539,210.7040,496.8630,42.4068,MEMORY,0.4115,0
13,depthwise_conv2d#40,depthwise_conv2d,44334,52816,4315136,4315136,1,429908,10.0373,97.3324,160.5980,60.6064,MEMORY,0.0707,0.2387
14,conv2d#43,conv2d,46476,48300,10407936,10407936,1,305792,34.0360,223.9420,512.0000,43.7387,COMPUTE,0.4049,0.0651
15,conv2d#49,conv2d,50460,62552,9633792,9633792,1,311252,30.9517,190.9190,495.2280,38.5518,MEMORY,0.3729,0
16,depthwise_conv2d#52,depthwise_conv2d,44334,52816,4315136,4315136,1,429908,10.0373,97.3324,160.5980,60.6064,MEMORY,0.0707,0.2387
17,conv2d#55,conv2d,46476,48300,10407936,10407936,1,305792,34.0360,223.9420,512.0000,43.7387,COMPUTE,0.4049,0.0651
18,conv2d#61,conv2d,50460,62552,9633792,9633792,1,311232,30.9537,190.9190,495.2600,38.5493,MEMORY,0.3729,0
19,depthwise_conv2d#64,depthwise_conv2d,27411,28664,2283008,2283008,1,266688,8.5606,83.2880,136.9700,60.8077,MEMORY,0.1144,0.0965
20,conv2d#67,conv2d,32231,35070,5494272,5494272,1,249344,22.0349,170.4650,352.5590,48.3510,MEMORY,0.2919,0.0821
21,conv2d#69,conv2d,32102,38130,9633792,9633792,1,165504,58.2088,300.0990,512.0000,58.6132,COMPUTE,0.5861,0
22,depthwise_conv2d#72,depthwise_conv2d,18354,23077,1856512,1856512,1,199956,9.2846,101.1500,148.5540,68.0901,MEMORY,0.0534,0.2883
23,conv2d#75,conv2d,34484,39232,10311168,10311168,1,175360,58.8000,299.0130,512.0000,58.4010,COMPUTE,0.5456,0.0767
24,conv2d#81,conv2d,34438,39911,9633792,9633792,1,170624,56.4621,279.7430,512.0000,54.6373,COMPUTE,0.5464,0
25,depthwise_conv2d#84,depthwise_conv2d,18354,23077,1856512,1856512,1,199956,9.2846,101.1500,148.5540,68.0901,MEMORY,0.0534,0.2883
26,conv2d#87,conv2d,34484,39232,10311168,10311168,1,175360,58.8000,299.0130,512.0000,58.4010,COMPUTE,0.5456,0.0767
27,conv2d#93,conv2d,34438,39911,9633792,9633792,1,170624,56.4621,279.7430,512.0000,54.6373,COMPUTE,0.5464,0
28,depthwise_conv2d#96,depthwise_conv2d,18354,23077,1856512,1856512,1,199956,9.2846,101.1500,148.5540,68.0901,MEMORY,0.0534,0.2883
29,conv2d#99,conv2d,34484,39232,10311168,10311168,1,175360,58.8000,299.0130,512.0000,58.4010,COMPUTE,0.5456,0.0767
30,conv2d#105,conv2d,34438,39911,9633792,9633792,1,170624,56.4621,279.7430,512.0000,54.6373,COMPUTE,0.5464,0
31,depthwise_conv2d#108,depthwise_conv2d,18355,23077,1856512,1856512,1,193792,9.5799,101.1450,153.2790,65.9875,MEMORY,0.0534,0.2883
32,conv2d#111,conv2d,52109,56467,15128064,15128064,1,266304,56.8075,290.3160,512.0000,56.7023,COMPUTE,0.5416,0.0508
33,conv2d#113,conv2d,71994,78042,21676032,21676032,1,340352,63.6871,301.0810,512.0000,58.8049,COMPUTE,0.5880,0
34,depthwise_conv2d#116,depthwise_conv2d,36469,38464,2533888,2533888,1,358760,7.0629,69.4806,113.0060,61.4837,MEMORY,0.0269,0.2177
35,conv2d#119,conv2d,80565,78570,22256640,22256640,1,415296,53.5922,276.2570,512.0000,53.9564,COMPUTE,0.5255,0.0282
36,conv2d#125,conv2d,74196,79431,21676032,21676032,1,346496,62.5578,292.1460,512.0000,57.0597,COMPUTE,0.5706,0
37,depthwise_conv2d#128,depthwise_conv2d,36469,38464,2533888,2533888,1,358760,7.0629,69.4806,113.0060,61.4837,MEMORY,0.0269,0.2177
38,conv2d#131,conv2d,80565,78570,22256640,22256640,1,415296,53.5922,276.2570,512.0000,53.9564,COMPUTE,0.5255,0.0282
39,conv2d#137,conv2d,74196,79431,21676032,21676032,1,346496,62.5578,292.1460,512.0000,57.0597,COMPUTE,0.5706,0
40,depthwise_conv2d#140,depthwise_conv2d,15868,15874,1009792,1009792,1,229696,4.3962,63.6370,70.3394,90.4714,MEMORY,0.0618,0.1251
41,conv2d#143,conv2d,44036,45996,9539712,9539712,1,334080,28.5552,216.6340,456.8830,47.4158,MEMORY,0.4006,0.0451
42,conv2d#145,conv2d,52338,52512,15052800,15052800,1,185280,81.2435,287.6070,512.0000,56.1733,COMPUTE,0.5617,0
43,depthwise_conv2d#148,depthwise_conv2d,21726,22109,997248,997248,1,280680,3.5530,45.9011,56.8475,80.7443,MEMORY,0.0135,0.1522
44,conv2d#151,conv2d,54133,55582,15294720,15294720,1,294960,51.8535,282.5400,512.0000,55.1835,COMPUTE,0.5431,0.0175
45,conv2d#157,conv2d,52395,52823,15052800,15052800,1,232560,64.7265,287.2950,512.0000,56.1122,COMPUTE,0.5611,0
46,depthwise_conv2d#160,depthwise_conv2d,21726,22109,997248,997248,1,280680,3.5530,45.9011,56.8475,80.7443,MEMORY,0.0135,0.1522
47,conv2d#163,conv2d,54133,55582,15294720,15294720,1,294960,51.8535,282.5400,512.0000,55.1835,COMPUTE,0.5431,0.0175
48,conv2d#169,conv2d,52395,52823,15052800,15052800,1,232560,64.7265,287.2950,512.0000,56.1122,COMPUTE,0.5611,0
49,depthwise_conv2d#172,depthwise_conv2d,21725,22109,997248,997248,1,280640,3.5535,45.9032,56.8556,80.7365,MEMORY,0.0135,0.1522
50,conv2d#175,conv2d,101786,104282,30347520,30347520,1,646960,46.9079,298.1500,512.0000,58.2325,COMPUTE,0.5777,0.0093
51,conv2d#177,conv2d,126860,127059,40140800,40140800,1,436240,92.0154,316.4180,512.0000,61.8004,COMPUTE,0.6180,0
52,fc#182,fully_connected,87714,143425,2560000,2580480,0.9921,1330216,1.9245,29.1858,30.7920,94.7836,MEMORY,0.0570,0
